omega_mean,omega_std,omega_abs_mean
0.13257213150370964,0.5346687343825047,0.13587714812784019
