mask,p,q,z,nondegenerate,indefinite,lorentz_like,cone_frac_forward,forward_frac,qd_min,qd_mean,qd_max,hecke_entropy_mean,hecke_popcount_mean
-+,1,1,0,True,True,True,0.8333333333333334,0.9375,-1.6397398925841353,0.07285056731045557,1.9590145147486246,0.4792801235432897,1.171875
+-,1,1,0,True,True,True,0.16666666666666666,0.9375,-1.9590145147486246,-0.07285056731045557,1.6397398925841353,0.4792801235432897,1.171875
